"Deal ID","Deal token","Deal name",Impressions,CPM,"Spends $","Media cost $","CTR %","VCR %","Media margin %"
20044,loopme-20044,Magnite_Video_May_AON,4242,1.2050038189533239,5.1116262,2.631,0.7543611504007544,64.68646864686468,48.52910019124638
19988,loopme-19988,Mahindra_3XO_Video_April,3,1.11,0.00333,0.0015,1400.0,233.33333333333334,54.95495495495496
19856,loopme-19856,Mahindra_XUV_Video_April,0,,0.0,0.0,,,
