"Deal ID","Deal token","Deal name",Impressions,CPM,"Spends $","Media cost $","CTR %","VCR %","Media margin %"
20044,loopme-20044,Magnite_Video_May_AON,1732,1.2162612355658198,2.10656446,1.0692,0.4618937644341801,65.70438799076213,49.24437299203272
19988,loopme-19988,Mahindra_3XO_Video_April,1,1.11,0.00111,5.0E-4,2900.0,600.0,54.95495495495496
19856,loopme-19856,Mahindra_XUV_Video_April,0,,0.0,0.0,,,
